<package>
  <description brief="audio_capture">
    Transports audio from a source to a destination. Audio sources can come
    from a microphone or file. The destination can play the audio or save it
    to an mp3 file.

  </description>
  <author>Nate Koenig</author>
  <license>BSD</license>
  <review status="unreviewed" notes=""/>
  <url>http://ros.org/wiki/audio_capture</url>
  <depend package="roscpp"/>
  <depend package="audio_common_msgs"/>
  <rosdep name="libgstreamer0.10-dev"/>
  <rosdep name="libgstreamer-plugins-base0.10-dev"/>
  <rosdep name="python-gst"/>
  <rosdep name="gstreamer0.10-plugins-ugly"/>
  <rosdep name="gstreamer0.10-plugins-good"/>
</package>


