<package>
  <description brief="Play sounds, or synthesize speech.">
sound_play provides a ROS node that translates commands on a ROS topic (<tt>robotsound</tt>) into sounds. The node supports built-in sounds, playing OGG/WAV files, and doing speech synthesis via festival. C++ and Python bindings allow this node to be used without understanding the details of the message format, allowing faster development and resilience to message format changes.
  </description>
  <author>Blaise Gassend, Austin Hendrix/ahendrix@willowgarage.com</author>
  <license>BSD</license>
  <review status="Doc reviewed" notes="reviewed 9/30/2009"/>
  <depend package="rospy" />
  <depend package="roscpp" />
  <depend package="roslib" />
  <depend package="diagnostic_msgs" />
  <rosdep name="festival" />
  <rosdep name="libgstreamer0.10-dev"/>
  <rosdep name="libgstreamer-plugins-base0.10-dev"/>
  <rosdep name="python-gst"/>
  <rosdep name="gstreamer0.10-plugins-ugly"/>
  <rosdep name="gstreamer0.10-plugins-good"/>

  <export>
    <cpp cflags="-I${prefix}/include -I${prefix}/msg/cpp" />
  </export>
  <url>http://www.ros.org/wiki/sound_play</url>
  <platform os="ubuntu" version="9.04"/>
  <platform os="ubuntu" version="9.10"/>
  <platform os="ubuntu" version="10.04"/>
</package>


