<package>
  <description brief="audio_play">
    Outputs audio to a speaker from a source node.
  </description>

  <author>Nate Koenig</author>
  <license>BSD</license>
  <review status="unreviewed" notes=""/>
  <url>http://ros.org/wiki/audio_play</url>
  <depend package="roscpp"/>
  <depend package="audio_common_msgs"/>
  <rosdep name="libgstreamer0.10-dev"/>
  <rosdep name="libgstreamer-plugins-base0.10-dev"/>
  <rosdep name="python-gst"/>
  <rosdep name="gstreamer0.10-plugins-ugly"/>
  <rosdep name="gstreamer0.10-plugins-good"/>

</package>


